{
  "accuracy": 0.8415,
  "precision": [
    0.8275862068965517,
    1.0,
    0.8370288248337029,
    0.8290155440414507
  ],
  "recall": [
    0.6,
    0.43333333333333335,
    0.8206521739130435,
    1.0
  ],
  "f1": [
    0.6956521739130435,
    0.6046511627906976,
    0.8287596048298573,
    0.9065155807365439
  ],
  "confusion_matrix": [
    [
      24,
      0,
      16,
      0
    ],
    [
      5,
      104,
      131,
      0
    ],
    [
      0,
      0,
      755,
      165
    ],
    [
      0,
      0,
      0,
      800
    ]
  ],
  "total_samples": 2000,
  "total_errors": 317
}