target_eps,achieved_eps,duration_seconds,total_events,successful_events,failed_events,p50,p95,p99,max,avg,step_type,step_num
200,199.99555773870225,10.000222117998419,2000,2000,0,0.20510350077529438,0.4147474503042758,0.5444585507939337,0.7415529998979764,0.21569382699271955,warmup,
200,199.98395730694853,10.000802198999736,2000,2000,0,0.190839000424603,0.4170554509073554,0.5531736704688228,0.8320580000145128,0.21685458751471742,test,1.0
400,399.9406979131234,10.0014827720006,4000,4000,0,0.16674600010446738,0.3912885495083173,0.5537735500729464,0.8253939995483961,0.18742740199877517,test,2.0
600,599.9753516926038,10.000410822000049,6000,6000,0,0.22092400013207225,0.41256834938394604,0.5903571713133715,1.2847599991800962,0.222425931997653,test,3.0
800,799.9789061562034,10.000263679999989,8000,8000,0,0.2216119992226595,0.4243861512804868,0.623676321047242,1.339657999778865,0.22464348575454096,test,4.0
1000,999.9623994138824,10.000376019999749,10000,10000,0,0.16316950041073142,0.3742124004020295,0.5284784095783835,1.216283000758267,0.18421992330568174,test,5.0
1500,1499.9433939861974,30.001132163000875,45000,45000,0,0.19458549923001556,0.39551760046379036,0.5686194707232075,1.4557780014001764,0.20061222655527267,test,6.0
200,199.99462052471858,10.000268980998953,2000,2000,0,0.2564644992162357,0.537361749138654,0.7653439091700418,1.2337549997027963,0.30048321999402106,cooldown,
