target_eps,achieved_eps,duration_seconds,total_events,successful_events,failed_events,p50,p95,p99,max,avg,step_type,step_num
20,19.99854013456834,10.000729985999897,200,200,0,0.23272499993254314,0.5636780501163227,0.7274764398152893,0.9445129999221535,0.2485706399738774,warmup,
20,19.994174689205853,5.001456752000195,100,100,0,0.19105849992229196,0.6008144001270921,1.0980796299008975,1.7035270002452307,0.23961356002018874,test,1.0
40,39.99126314073505,5.00109234599995,200,200,0,0.23010300014902896,0.6120938497133463,0.9514881596896883,0.9800400002859533,0.26154035500667305,test,2.0
60,59.99390214779635,5.000508205999722,300,300,0,0.23920899980112154,0.5787832996247744,0.9705578601233319,2.268255999752,0.2723348933280552,test,3.0
80,79.98560930910993,5.00089958000035,400,400,0,0.13068750013189856,0.39787450011772263,0.6712012100069842,1.109277000068687,0.17952216498770213,test,4.0
100,99.98333127892808,5.000833574999888,500,500,0,0.0965404999533348,0.3290530499043598,0.5155758199953195,0.761906000207091,0.148426567993738,test,5.0
150,149.99592291082186,30.00081543999977,4500,4500,0,0.2032515001246793,0.37604880001254065,0.6329984199373945,0.8852109999679669,0.1889118595548401,test,6.0
20,19.99797744255691,10.001011381000353,200,200,0,0.09675949991105881,0.2345388497133171,0.3331705100390534,0.3804360003414331,0.11946816001000116,cooldown,
