target_eps,achieved_eps,duration_seconds,total_events,successful_events,failed_events,p50,p95,p99,max,avg,step_type,step_num
20,19.998249961145056,10.000875096000073,200,200,0,0.22663350023321982,0.4539992002491999,0.6038370100486643,0.6381170001077408,0.22512863499514424,warmup,
20,19.99593349898965,5.001016832000005,100,100,0,0.2267794998260797,0.5000662499014652,0.6973750498809751,0.7211399997686385,0.24814975998197042,test,1.0
40,39.99156707423159,5.0010543379999035,200,200,0,0.2071105002414697,0.4778546997386,0.7849160602427218,0.9935399998539651,0.21240346999320536,test,2.0
60,59.989953410515355,5.00083735599992,300,300,0,0.21816699972987408,0.45201760001418745,0.7111623001947005,0.7886500002314278,0.22084385999429892,test,3.0
80,79.98317948936554,5.0010515029998714,400,400,0,0.21123450005688937,0.533085450001635,0.7614930701083721,0.8399630000894831,0.2218035625162429,test,4.0
100,99.97608825908732,5.001195872999688,500,500,0,0.24772949996076932,0.5873860001202046,0.7580595200670359,0.9883550001177355,0.2626376639946102,test,5.0
150,149.99464413624338,30.001071210999726,4500,4500,0,0.22867000006954186,0.4740152002796094,0.6719766999549394,1.3673320004272682,0.23366019355701914,test,6.0
20,19.998451245941208,10.000774437000018,200,200,0,0.21502249978766486,0.45764770020468815,0.7427558801373371,1.626807999855373,0.21096350500783956,cooldown,
