target_eps,achieved_eps,duration_seconds,total_events,successful_events,failed_events,p50,p95,p99,max,avg,step_type,step_num
200,199.98699746538486,10.000650168999982,2000,2000,0,0.2634585000578227,0.5388837499367582,0.7053486503446038,1.2148900000283902,0.2991423144969758,warmup,
200,199.99136305300294,10.000431865999872,2000,2000,0,0.2617695001845277,0.5396750503223302,0.7285673799196957,2.097277999837388,0.3008718010019038,test,1.0
400,399.91336724715336,10.002166287999898,4000,4000,0,0.2551074999246339,0.49262835016179385,0.6722956803332633,1.4689260001432558,0.28265139750124035,test,2.0
600,599.927931017597,10.001201294000111,6000,6000,0,0.2508504999241268,0.4485338498398051,0.6294084599812779,1.1244900001656788,0.2757529751668244,test,3.0
800,799.9138761526597,10.001076663999811,8000,8000,0,0.25656000002527435,0.40814875001160494,0.624820039779479,3.5785380000561418,0.27562528812569553,test,4.0
1000,999.8264882115712,10.001735418999942,10000,10000,0,0.25491599990346003,0.4283930999463334,0.6411385098454054,1.1420580003687064,0.2763335352990907,test,5.0
1500,1499.9760617320362,30.00047877299994,45000,45000,0,0.2592730002106691,0.4477189500448729,0.6553252700359737,1.8910979997599497,0.2795520615542955,test,6.0
200,199.97532268523207,10.00123401799965,2000,2000,0,0.2553955002895236,0.5252344498785533,0.6979102099330703,1.5755949998492724,0.2899710940005207,cooldown,
